id;id_pelanggan;nama;alamat;no_hp;email;password;id_paket;ip_router;ip_parent_router;remark1;remark2;remark3;id_server
1;AS06000000001;SERVER ASRI;ASRI;;user1@mail.com;111111;19;192.168.85.240;192.168.85.240;0;;;1
2;AS06000000002;bunga;ASRI;;user2@mail.com;111111;19;192.168.85.108;192.168.30.200;1;;;1
3;AS06000000003;Nanta;ASRI;;user3@mail.com;111111;19;192.168.85.107;91.91.91.1;1;;;1
4;AS06000000004;tomy;ASRI;;user4@mail.com;111111;19;192.168.85.109;192.168.63.200;1;;;1
7;AS06000000005;dinuk asta;ASRI;;user5@mail.com;111111;19;192.168.85.115;31.31.31.1;1;;;1
8;AS06000000006;hari;ASRI;;user6@mail.com;111111;19;192.168.85.118;192.168.50.1;1;;;1
9;AS06000000007;femi dewi;ASRI;;user7@mail.com;111111;19;192.168.85.117;50.50.50.1;1;;;1
10;AS06000000008;gibran;ASRI;;user8@mail.com;111111;19;192.168.85.119;192.168.82.1;1;;;1
11;AS06000000009;turnip;ASRI;;user9@mail.com;111111;19;192.168.85.120;192.168.83.1;1;;;1
12;AS06000000010;nana;ASRI;;user10@mail.com;111111;19;192.168.50.36;192.168.201.200;1;;;1
14;AS06000000011;JELO MELO siska;ASRI;;user11@mail.com;111111;19;192.168.85.102;192.168.85.116;1;;;1
15;AS06000000012;tutus;ASRI;;user12@mail.com;111111;19;192.168.85.121;192.168.85.240;1;;;1
16;AS06000000013;aqila shop DEDI;ASRI;;user13@mail.com;111111;19;192.168.85.116;192.168.85.111;1;;;1
19;AS06000000014;ABIT LUKMAN;ASRI;;user14@mail.com;111111;19;192.168.85.129;192.168.85.240;1;;;1
20;AS06000000015;merlin;ASRI;;user15@mail.com;111111;19;192.168.85.100;192.168.85.111;1;;;1
22;AS06000000016;tari;ASRI;;user16@mail.com;111111;19;192.168.85.106;192.168.85.100;1;;;1
23;AS06000000017;murni;ASRI;;user17@mail.com;111111;19;192.168.85.114;192.168.85.106;1;;;1
24;AS06000000018;dila / balqis;ASRI;;user18@mail.com;111111;19;192.168.85.111;192.168.85.240;1;;;1
25;AS06000000019;heri;ASRI;;user19@mail.com;111111;19;192.168.85.105;192.168.85.114;1;;;1
26;AS06000000020;hari 2;ASRI;;user20@mail.com;111111;19;192.168.85.112;192.168.85.118;1;;;1
752;AS06000000021;INSA intan adik;ASRI;;user21@mail.com;111111;19;192.168.85.130;192.168.85.129;0;;;1
753;AS06000000022;DANEN ZTE;ASRI;;user22@mail.com;111111;19;192.168.85.101;192.168.85.120;1;;;1
754;AS06000000023;WOLAK WALIK hari bolo;ASRI;;user23@mail.com;111111;19;192.168.85.104;192.168.85.129;0;;;1
412;BE06000000001;SERVER BEROKAN;BEROKAN;;user24@mail.com;111111;15;192.168.82.1;192.168.82.1;0;;;9
413;BE06000000002;fortuna;BEROKAN;;user25@mail.com;111111;15;192.168.38.1;192.168.82.1;0;;;9
414;BE06000000003;pekojan/pak bs;BEROKAN;;user26@mail.com;111111;15;192.168.38.2;192.168.38.5;0;;;9
415;BE06000000004;adib gigih;BEROKAN;;user27@mail.com;111111;15;192.168.38.3;192.168.38.51;0;;;9
416;BE06000000005;jarwanto / ridwan motor;BEROKAN;;user28@mail.com;111111;15;192.168.38.4;192.168.82.1;0;;;9
417;BE06000000006;rismanto;BEROKAN;;user29@mail.com;111111;15;192.168.38.5;192.168.38.4;0;;;9
418;BE06000000007;tigafah;BEROKAN;;user30@mail.com;111111;15;192.168.38.6;192.168.38.5;0;;;9
420;BE06000000008;kalifatul;BEROKAN;;user31@mail.com;111111;15;192.168.38.8;192.168.38.6;0;;;9
422;BE06000000009;keluarga cemra;BEROKAN;;user32@mail.com;111111;15;192.168.38.10;192.168.82.1;0;;;9
424;BE06000000010;ic second;BEROKAN;;user33@mail.com;111111;15;192.168.38.12;192.168.82.1;0;;;9
425;BE06000000011;isti;BEROKAN;;user34@mail.com;111111;15;192.168.38.13;192.168.38.4;0;;;9
426;BE06000000012;hendri ade;BEROKAN;;user35@mail.com;111111;15;192.168.38.15;192.168.82.1;0;;;9
427;BE06000000013;sari team;BEROKAN;;user36@mail.com;111111;15;192.168.38.101;192.168.38.13;0;;;9
428;BE06000000014;aa;BEROKAN;;user37@mail.com;111111;15;192.168.38.17;192.168.82.1;0;;;9
430;BE06000000015;alfatih;BEROKAN;;user38@mail.com;111111;15;192.168.38.18;192.168.82.1;0;;;9
431;BE06000000016;azka food;BEROKAN;;user39@mail.com;111111;15;192.168.38.19;192.168.38.15;0;;;9
432;BE06000000017;gibra;BEROKAN;;user40@mail.com;111111;15;192.168.38.20;192.168.82.1;0;;;9
433;BE06000000018;rumah nor;BEROKAN;;user41@mail.com;111111;15;192.168.38.21;192.168.38.50;0;;;9
434;BE06000000019;lubab;BEROKAN;;user42@mail.com;111111;15;192.168.38.22;192.168.82.1;0;;;9
435;BE06000000020;arudatya97;BEROKAN;;user43@mail.com;111111;15;192.168.38.23;192.168.82.1;0;;;9
436;BE06000000021;seba;BEROKAN;;user44@mail.com;111111;15;192.168.38.24;192.168.38.17;0;;;9
672;BE06000000022;albet mbah por;BEROKAN;;user45@mail.com;111111;15;192.168.38.50;192.168.38.4;0;;;9
673;BE06000000023;syahir;BEROKAN;;user46@mail.com;111111;15;192.168.38.51;192.168.38.4;0;;;9
674;BE06000000024;MERIESYA;BEROKAN;;user47@mail.com;111111;15;192.168.38.52;192.168.38.4;0;;;9
675;BE06000000025;kamila;BEROKAN;;user48@mail.com;111111;15;192.168.38.53;192.168.82.1;0;;;9
676;BE06000000026;warung makan pojok;BEROKAN;;user49@mail.com;111111;15;192.168.38.54;192.168.38.3;0;;;9
677;BE06000000027;al ziki;BEROKAN;;user50@mail.com;111111;15;192.168.38.102;192.168.38.17;0;;;9
678;BE06000000028;mendring;BEROKAN;;user51@mail.com;111111;15;192.168.38.56;192.168.38.54;0;;;9
716;BE06000000029;andira;BEROKAN;;user52@mail.com;111111;15;192.168.38.90;192.168.82.1;0;;;9
717;BE06000000030;sabililut;BEROKAN;;user53@mail.com;111111;15;192.168.38.14;192.168.82.1;0;;;9
718;BE06000000031;quanquin;BEROKAN;;user54@mail.com;111111;15;192.168.38.60;192.168.38.17;0;;;9
719;BE06000000032;bundel;BEROKAN;;user55@mail.com;111111;15;192.168.38.46;192.168.82.1;0;;;9
720;BE06000000033;PAK JAYLANY;BEROKAN;;user56@mail.com;111111;15;192.168.38.61;192.168.82.1;0;;;9
721;BE06000000034;MBAH PUR;BEROKAN;;user57@mail.com;111111;15;192.168.38.55;192.168.82.1;0;;;9
722;BE06000000035;gania;BEROKAN;;user58@mail.com;111111;15;192.168.38.93;192.168.82.1;0;;;9
748;BE06000000036;SINI SUKA;BEROKAN;;user59@mail.com;111111;15;192.168.38.109;192.168.82.1;0;;;9
83;BR06000000001;Server Breyon;BREYON;;user60@mail.com;111111;15;91.91.91.1;91.91.91.1;0;;;4
84;BR06000000002;Jito;BREYON;;user61@mail.com;111111;15;192.168.62.21;91.91.91.1;1;;;4
86;BR06000000003;Gono;BREYON;;user62@mail.com;111111;15;192.168.62.15;91.91.91.1;1;;;4
87;BR06000000004;Nuryanto;BREYON;;user63@mail.com;111111;15;192.168.62.35;91.91.91.1;1;;;4
88;BR06000000005;Rokhim;BREYON;;user64@mail.com;111111;15;192.168.62.16;192.168.62.15;1;;;4
90;BR06000000006;pujianto;BREYON;;user65@mail.com;111111;15;192.168.62.17;192.168.62.16;1;;;4
94;BR06000000007;gunadi;BREYON;;user66@mail.com;111111;15;192.168.62.29;192.168.62.21;1;;;4
97;BR06000000008;mulyadi;BREYON;;user67@mail.com;111111;15;192.168.62.37;192.168.62.21;1;;;4
98;BR06000000009;gepeng / oktavian / abiyuna;BREYON;;user68@mail.com;111111;15;192.168.62.28;192.168.62.37;1;;;4
99;BR06000000010;panjono;BREYON;;user69@mail.com;111111;15;192.168.62.23;192.168.62.21;1;;;4
100;BR06000000011;suprapto;BREYON;;user70@mail.com;111111;15;192.168.62.14;192.168.62.13;1;;;4
101;BR06000000012;supriyanto;BREYON;;user71@mail.com;111111;15;192.168.62.30;192.168.62.21;1;;;4
102;BR06000000013;rakiman;BREYON;;user72@mail.com;111111;15;192.168.62.31;192.168.62.30;1;;;4
105;BR06000000014;poniman;BREYON;;user73@mail.com;111111;15;192.168.62.25;192.168.62.50;1;;;4
108;BR06000000015;trimo;BREYON;;user74@mail.com;111111;15;192.168.62.20;192.168.62.43;1;;;4
533;BR06000000016;Joyo mi;BREYON;;user75@mail.com;111111;15;192.168.62.12;91.91.91.1;1;;;4
534;BR06000000017;wibowo trans;BREYON;;user76@mail.com;111111;15;192.168.62.13;91.91.91.1;1;;;4
535;BR06000000018;pambayun;BREYON;;user77@mail.com;111111;15;192.168.62.2;192.168.62.13;1;;;4
536;BR06000000019;vio;BREYON;;user78@mail.com;111111;15;192.168.62.43;192.168.62.21;1;;;4
700;BR06000000020;joyo tplink;BREYON;;user79@mail.com;111111;15;192.168.62.11;192.168.62.12;1;;;4
702;BR06000000021;kang cis;BREYON;;user80@mail.com;111111;15;192.168.62.45;192.168.62.21;1;;;4
751;BR06000000022;pabrik tahu;BREYON;;user81@mail.com;111111;15;192.168.62.91;192.168.62.31;1;;;4
777;BR06000000023;depan jito;BREYON;;user82@mail.com;111111;15;192.168.62.157;91.91.91.1;1;;;4
778;BR06000000024;depan joyo;BREYON;;user83@mail.com;111111;15;192.168.62.158;91.91.91.1;1;;;4
779;BR06000000025;depan joyo 2;BREYON;;user84@mail.com;111111;15;192.168.62.159;91.91.91.1;1;;;4
371;DE06000000001;SERVER DEREKAN;DEREKAN;;user85@mail.com;111111;18;50.50.50.1;50.50.50.1;0;;;8
372;DE06000000002;raka;DEREKAN;;user86@mail.com;111111;18;192.168.26.2;192.168.26.25;0;;;8
373;DE06000000003;alin;DEREKAN;;user87@mail.com;111111;18;192.168.26.5;50.50.50.1;0;;;8
374;DE06000000004;susan;DEREKAN;;user88@mail.com;111111;18;192.168.26.6;192.168.26.5;0;;;8
375;DE06000000005;wambiyak;DEREKAN;;user89@mail.com;111111;18;192.168.26.7;50.50.50.1;0;;;8
377;DE06000000006;veronika;DEREKAN;;user90@mail.com;111111;18;192.168.26.184;192.168.26.7;0;;;8
378;DE06000000007;masjid;DEREKAN;;user91@mail.com;111111;18;192.168.26.10;192.168.26.25;0;;;8
379;DE06000000008;candra;DEREKAN;;user92@mail.com;111111;18;192.168.26.11;192.168.26.8;0;;;8
380;DE06000000009;sablon;DEREKAN;;user93@mail.com;111111;18;192.168.26.12;50.50.50.1;0;;;8
381;DE06000000010;sobat gaming;DEREKAN;;user94@mail.com;111111;18;192.168.26.13;50.50.50.0;0;;;8
382;DE06000000011;zelva;DEREKAN;;user95@mail.com;111111;18;192.168.26.14;50.50.50.0;0;;;8
383;DE06000000012;reni;DEREKAN;;user96@mail.com;111111;18;192.168.26.15;192.168.26.8;0;;;8
384;DE06000000013;expensive;DEREKAN;;user97@mail.com;111111;18;192.168.26.16;192.168.26.8;0;;;8
385;DE06000000014;pi i;DEREKAN;;user98@mail.com;111111;18;192.168.26.17;192.168.26.8;0;;;8
386;DE06000000015;basecam;DEREKAN;;user99@mail.com;111111;18;192.168.26.18;50.50.50.0;0;;;8
387;DE06000000016;arif purnawan;DEREKAN;;user100@mail.com;111111;18;192.168.26.19;50.50.50.1;0;;;8
388;DE06000000017;sugiyanto huaei;DEREKAN;;user101@mail.com;111111;18;192.168.26.20;192.168.26.27;0;;;8
389;DE06000000018;febri str huawei;DEREKAN;;user102@mail.com;111111;18;192.168.26.21;50.50.50.1;0;;;8
390;DE06000000019;prima poto;DEREKAN;;user103@mail.com;111111;18;192.168.26.22;192.168.26.27;0;;;8
391;DE06000000020;vanesa;DEREKAN;;user104@mail.com;111111;18;192.168.26.23;50.50.50.1;0;;;8
392;DE06000000021;andri;DEREKAN;;user105@mail.com;111111;18;192.168.26.24;192.168.26.171;0;;;8
393;DE06000000022;kadus;DEREKAN;;user106@mail.com;111111;18;192.168.26.25;50.50.50.1;0;;;8
394;DE06000000023;lilik;DEREKAN;;user107@mail.com;111111;18;192.168.26.26;192.168.26.25;0;;;8
395;DE06000000024;tia laundri;DEREKAN;;user108@mail.com;111111;18;192.168.26.27;50.50.50.1;0;;;8
396;DE06000000025;rak isen po;DEREKAN;;user109@mail.com;111111;18;192.168.26.28;192.168.26.27;0;;;8
397;DE06000000026;ariel;DEREKAN;;user110@mail.com;111111;18;192.168.26.29;50.50.50.1;0;;;8
399;DE06000000027;rendi;DEREKAN;;user111@mail.com;111111;18;192.168.26.31;50.50.50.1;0;;;8
400;DE06000000028;hanip;DEREKAN;;user112@mail.com;111111;18;192.168.26.32;192.168.26.27;0;;;8
401;DE06000000029;anggun;DEREKAN;;user113@mail.com;111111;18;192.168.26.33;192.168.26.27;0;;;8
402;DE06000000030;lidia;DEREKAN;;user114@mail.com;111111;18;192.168.26.34;192.168.26.39;0;;;8
403;DE06000000031;alvira;DEREKAN;;user115@mail.com;111111;18;192.168.26.35;192.168.26.27;0;;;8
404;DE06000000032;yusuf (off);DEREKAN;;user116@mail.com;111111;18;192.168.26.36;192.168.26.39;0;;;8
405;DE06000000033;ada yanu;DEREKAN;;user117@mail.com;111111;18;192.168.26.37;50.50.50.1;0;;;8
406;DE06000000034;nirmala;DEREKAN;;user118@mail.com;111111;18;192.168.26.38;192.168.26.25;0;;;8
407;DE06000000035;bandar;DEREKAN;;user119@mail.com;111111;18;192.168.26.3;192.168.26.25;0;;;8
408;DE06000000036;alisekar;DEREKAN;;user120@mail.com;111111;18;192.168.26.4;192.168.26.171;0;;;8
409;DE06000000037;intan ayuk/lurah;DEREKAN;;user121@mail.com;111111;18;192.168.26.39;50.50.50.1;0;;;8
411;DE06000000038;pinggir lurah;DEREKAN;;user122@mail.com;111111;18;192.168.26.50;192.168.26.39;0;;;8
669;DE06000000039;Sob;DEREKAN;;user123@mail.com;111111;18;192.168.26.88;192.168.26.39;0;;;8
670;DE06000000040;hongkong;DEREKAN;;user124@mail.com;111111;18;192.168.26.150;192.168.26.34;0;;;8
671;DE06000000041;depan hongkong;DEREKAN;;user125@mail.com;111111;18;192.168.26.132;192.168.26.150;0;;;8
690;DE06000000042;yunita;DEREKAN;;user126@mail.com;111111;18;192.168.26.153;192.168.26.39;0;;;8
691;DE06000000043;alden;DEREKAN;;user127@mail.com;111111;18;192.168.26.154;192.168.26.39;0;;;8
692;DE06000000044;aska;DEREKAN;;user128@mail.com;111111;18;192.168.26.155;50.50.50.1;0;;;8
693;DE06000000045;gata candra;DEREKAN;;user129@mail.com;111111;18;192.168.26.183;192.168.26.25;0;;;8
694;DE06000000046;amanda23;DEREKAN;;user130@mail.com;111111;18;192.168.26.157;192.168.26.25;0;;;8
711;DE06000000047;doni;DEREKAN;;user131@mail.com;111111;18;192.168.26.90;192.168.26.155;0;;;8
727;DE06000000048;naura;DEREKAN;;user132@mail.com;111111;18;192.168.26.160;192.168.26.12;0;;;8
732;DE06000000049;Yuli;DEREKAN;;user133@mail.com;111111;18;192.168.26.172;192.168.26.25;0;;;8
733;DE06000000050;joko;DEREKAN;;user134@mail.com;111111;18;192.168.26.173;50.50.50.1;0;;;8
749;DE06000000051;kasanah (GANTI IP);DEREKAN;;user135@mail.com;111111;18;192.168.26.170;192.168.26.12;0;;;8
755;DE06000000052;rias / kasanah;DEREKAN;;user136@mail.com;111111;18;192.168.26.171;192.168.26.156;0;;;8
756;DE06000000053;sutrinanik;DEREKAN;;user137@mail.com;111111;18;192.168.26.170;192.168.26.156;0;;;8
758;DE06000000054;yusuff;DEREKAN;;user138@mail.com;111111;18;192.168.26.174;192.168.26.12;0;;;8
760;DE06000000055;mba yul pejet;DEREKAN;;user139@mail.com;111111;18;192.168.26.182;192.168.26.39;0;;;8
761;DE06000000056;abimanyu;DEREKAN;;user140@mail.com;111111;18;192.168.26.175;50.50.50.1;0;;;8
762;DE06000000057;irmawati;DEREKAN;;user141@mail.com;111111;18;192.168.26.30;50.50.50.1;0;;;8
763;DE06000000058;fando;DEREKAN;;user142@mail.com;111111;18;192.168.26.181;50.50.50.1;0;;;8
764;DE06000000059;yulia novi;DEREKAN;;user143@mail.com;111111;18;192.168.26.180;192.168.26.39;0;;;8
765;DE06000000060;rani;DEREKAN;;user144@mail.com;111111;18;192.168.26.159;50.50.50.1;0;;;8
766;DE06000000061;rumah pojok;DEREKAN;;user145@mail.com;111111;18;192.168.26.151;50.50.50.1;0;;;8
767;DE06000000062;rifta;DEREKAN;;user146@mail.com;111111;18;192.168.26.138;192.168.26.39;0;;;8
768;DE06000000063;anang;DEREKAN;;user147@mail.com;111111;18;192.168.26.134;50.50.50.1;0;;;8
769;DE06000000064;kensnack;DEREKAN;;user148@mail.com;111111;18;192.168.26.133;192.168.26.39;0;;;8
770;DE06000000065;FAEYZA ADHA;DEREKAN;;user149@mail.com;111111;18;192.168.26.91;192.168.26.39;0;;;8
771;DE06000000066;ambar dk;DEREKAN;;user150@mail.com;111111;18;192.168.26.8;50.50.50.1;0;;;8
774;DE06000000067;new danu;DEREKAN;;user151@mail.com;111111;18;192.168.26.190;192.168.26.154;0;;;8
194;HE06000000001;SERVER HERI;HERI;;user152@mail.com;111111;15;31.31.31.1;31.31.31.1;1;;;6
195;HE06000000002;HARYADI KOS ATAS;HERI;;user153@mail.com;111111;15;192.168.61.1;192.168.61.53;1;;;6
196;HE06000000003;YUNISARONO;HERI;;user154@mail.com;111111;15;192.168.61.2;192.168.61.13;1;;;6
197;HE06000000004;RASYID;HERI;;user155@mail.com;111111;15;192.168.61.3;31.31.31.1;1;;;6
198;HE06000000005;EDI WICAKSONO;HERI;;user156@mail.com;111111;15;192.168.61.4;192.168.61.3;1;;;6
199;HE06000000006;TOYO /RINI;HERI;;user157@mail.com;111111;15;192.168.61.5;192.168.61.71;1;;;6
200;HE06000000007;RISKI CHEN;HERI;;user158@mail.com;111111;15;192.168.61.6;192.168.61.5;1;;;6
201;HE06000000008;FREDI PURNO;HERI;;user159@mail.com;111111;15;192.168.61.7;31.31.31.1;1;;;6
202;HE06000000009;DN;HERI;;user160@mail.com;111111;15;192.168.61.9;31.31.31.1;1;;;6
203;HE06000000010;TOKO RISKI;HERI;;user161@mail.com;111111;15;192.168.61.8;192.168.61.13;1;;;6
204;HE06000000011;RIFKI KIKI POKEL;HERI;;user162@mail.com;111111;15;192.168.61.10;192.168.61.5;1;;;6
205;HE06000000012;SYIFA;HERI;;user163@mail.com;111111;15;192.168.61.11;31.31.31.1;1;;;6
206;HE06000000013;AFAHIRA;HERI;;user164@mail.com;111111;15;192.168.61.12;192.168.61.13;1;;;6
207;HE06000000014;TIKA;HERI;;user165@mail.com;111111;15;192.168.61.13;31.31.31.1;1;;;6
208;HE06000000015;POS SLAMET;HERI;;user166@mail.com;111111;15;192.168.61.15;192.168.61.10;1;;;6
209;HE06000000016;AKBAR;HERI;;user167@mail.com;111111;15;192.168.61.16;192.168.61.10;1;;;6
210;HE06000000017;NAFISAH;HERI;;user168@mail.com;111111;15;192.168.61.18;192.168.61.20;1;;;6
211;HE06000000018;HARYADI DEPAN;HERI;;user169@mail.com;111111;15;192.168.61.19;192.168.61.53;1;;;6
212;HE06000000019;DEDIK;HERI;;user170@mail.com;111111;15;192.168.61.20;192.168.61.85;1;;;6
213;HE06000000020;REGAN;HERI;;user171@mail.com;111111;15;192.168.61.21;192.168.61.85;1;;;6
214;HE06000000021;AQILA;HERI;;user172@mail.com;111111;15;192.168.61.22;192.168.61.90;1;;;6
216;HE06000000022;IPIN;HERI;;user173@mail.com;111111;15;192.168.61.24;192.168.61.53;1;;;6
217;HE06000000023;EDI MANGGALA;HERI;;user174@mail.com;111111;15;192.168.61.53;31.31.31.1;1;;;6
218;HE06000000024;MIN GEMBLONG;HERI;;user175@mail.com;111111;15;192.168.61.82;192.168.61.85;1;;;6
219;HE06000000025;VERA;HERI;;user176@mail.com;111111;15;192.168.60.85;192.168.60.19;1;;;6
220;HE06000000026;SUMAY NADA;HERI;;user177@mail.com;111111;15;192.168.60.30;192.168.60.35;1;;;6
221;HE06000000027;WIFI10 / PAHAT;HERI;;user178@mail.com;111111;15;192.168.60.31;192.168.60.99;1;;;6
222;HE06000000028;RUMAH WIFI  /AGUNG;HERI;;user179@mail.com;111111;15;192.168.60.32;192.168.60.49;1;;;6
223;HE06000000029;MYHOME / SIGIT;HERI;;user180@mail.com;111111;15;192.168.60.34;192.168.60.36;1;;;6
224;HE06000000030;CEBONG NET;HERI;;user181@mail.com;111111;15;192.168.60.35;192.168.60.99;1;;;6
225;HE06000000031;KIRINBOT;HERI;;user182@mail.com;111111;15;192.168.60.36;192.168.60.31;1;;;6
226;HE06000000032;WIFI6 / fedbi;HERI;;user183@mail.com;111111;15;192.168.60.99;31.31.31.1;1;;;6
227;HE06000000033;Umi;HERI;;user184@mail.com;111111;15;192.168.60.38;192.168.60.48;1;;;6
228;HE06000000034;GILAR /RT INTAN;HERI;;user185@mail.com;111111;15;192.168.60.39;192.168.60.34;1;;;6
229;HE06000000035;HALIM / ISNA;HERI;;user186@mail.com;111111;15;192.168.60.40;192.168.60.36;1;;;6
231;HE06000000036;FA CORNER;HERI;;user187@mail.com;111111;15;192.168.60.42;192.168.60.31;1;;;6
232;HE06000000037;WIFI / APRI;HERI;;user188@mail.com;111111;15;192.168.60.43;192.168.60.31;1;;;6
233;HE06000000038;CANTIK /TTOLINK /INT;HERI;;user189@mail.com;111111;15;192.168.60.44;192.168.60.39;1;;;6
234;HE06000000039;ARISA;HERI;;user190@mail.com;111111;15;192.168.60.45;192.168.60.43;1;;;6
235;HE06000000040;LAHISA;HERI;;user191@mail.com;111111;15;192.168.60.46;192.168.60.43;1;;;6
236;HE06000000041;ELIYAS / WANDOKO;HERI;;user192@mail.com;111111;15;192.168.60.47;192.168.60.60;1;;;6
237;HE06000000042;BERKAH TELUR;HERI;;user193@mail.com;111111;15;192.168.60.48;192.168.60.56;1;;;6
238;HE06000000043;ZIA&KIARA MUNJIA;HERI;;user194@mail.com;111111;15;192.168.60.49;192.168.60.30;1;;;6
239;HE06000000044;YATINO;HERI;;user195@mail.com;111111;15;192.168.60.50;192.168.60.30;1;;;6
240;HE06000000045;NARA 14;HERI;;user196@mail.com;111111;15;192.168.60.54;192.168.60.49;1;;;6
241;HE06000000046;MAIL NET / MAT;HERI;;user197@mail.com;111111;15;192.168.60.55;192.168.60.43;1;;;6
242;HE06000000047;TIGER /RIPTO;HERI;;user198@mail.com;111111;15;192.168.60.56;192.168.60.35;1;;;6
243;HE06000000048;SURYA GANTENG 17;HERI;;user199@mail.com;111111;15;192.168.60.57;192.168.60.58;1;;;6
244;HE06000000049;ANAKE PA RT /retno;HERI;;user200@mail.com;111111;15;192.168.60.58;192.168.60.50;1;;;6
245;HE06000000050;AJIK;HERI;;user201@mail.com;111111;15;192.168.60.60;192.168.60.43;1;;;6
246;HE06000000051;mbahsarirohim/pri;HERI;;user202@mail.com;111111;15;192.168.60.81;192.168.60.30;1;;;6
247;HE06000000052;TEGAL STRO;HERI;;user203@mail.com;111111;15;192.168.61.83;192.168.61.82;1;;;6
248;HE06000000053;AZKA heri;HERI;;user204@mail.com;111111;15;192.168.61.84;192.168.61.15;1;;;6
249;HE06000000054;RUMAH WIFI / RONI;HERI;;user205@mail.com;111111;15;192.168.60.90;192.168.60.53;1;;;6
537;HE06000000055;HARIADI KOS SD;HERI;;user206@mail.com;111111;15;192.168.61.71;192.168.61.3;1;;;6
538;HE06000000056;vera;HERI;;user207@mail.com;111111;15;192.168.61.85;192.168.61.19;1;;;6
696;HE06000000057;angga;HERI;;user208@mail.com;111111;15;192.168.60.73;192.168.60.50;1;;;6
697;HE06000000058;Ruhu;HERI;;user209@mail.com;111111;15;192.168.60.74;192.168.60.50;1;;;6
698;HE06000000059;haryadi blkng;HERI;;user210@mail.com;111111;15;192.168.61.90;192.168.61.53;1;;;6
699;HE06000000060;haryadi kos tengah;HERI;;user211@mail.com;111111;15;192.168.61.91;192.168.61.90;1;;;6
709;HE06000000061;rara mas in;HERI;;user212@mail.com;111111;15;192.168.60.93;192.168.60.40;1;;;6
710;HE06000000062;ismunantun;HERI;;user213@mail.com;111111;15;192.168.60.101;192.168.60.34;1;;;6
730;HE06000000063;sadewohil/ pinggir heri;HERI;;user214@mail.com;111111;15;192.168.61.97;31.31.31.1;1;;;6
759;HE06000000064;gamelan heri;HERI;;user215@mail.com;111111;15;192.168.61.94;192.168.61.97;1;;;6
79;NA06000000001;Server Namar;NAMAR;;user216@mail.com;111111;15;192.168.30.200;192.168.30.200;0;;;2
80;NA06000000002;Cak soleh;NAMAR;;user217@mail.com;111111;15;192.168.31.10;192.168.30.200;0;;;2
81;NA06000000003;Rt laundry;NAMAR;;user218@mail.com;111111;15;192.168.31.9;192.168.31.73;0;;;2
131;NA06000000004;wifi;NAMAR;;user219@mail.com;111111;15;192.168.31.3;192.168.31.10;0;;;2
132;NA06000000005;ujang;NAMAR;;user220@mail.com;111111;15;192.168.31.71;192.168.31.69;0;;;2
133;NA06000000006;pak aris;NAMAR;;user221@mail.com;111111;15;192.168.31.69;192.168.31.10;0;;;2
134;NA06000000007;ujang saefudin umar;NAMAR;;user222@mail.com;111111;15;192.168.31.42;192.168.31.4;0;;;2
135;NA06000000008;agis;NAMAR;;user223@mail.com;111111;15;192.168.31.72;192.168.31.10;0;;;2
136;NA06000000009;tri wahyuni;NAMAR;;user224@mail.com;111111;15;192.168.31.7;192.168.31.10;0;;;2
137;NA06000000010;dela;NAMAR;;user225@mail.com;111111;15;192.168.31.73;192.168.31.7;0;;;2
138;NA06000000011;mbah harto;NAMAR;;user226@mail.com;111111;15;192.168.31.8;192.168.31.3;0;;;2
148;NA06000000012;LUKMAN/DESINTA;NAMAR;;user227@mail.com;111111;15;192.168.30.11;192.168.30.200;0;;;2
149;NA06000000013;SORENK;NAMAR;;user228@mail.com;111111;15;192.168.30.12;192.168.30.68;0;;;2
151;NA06000000014;JACKWIEN;NAMAR;;user229@mail.com;111111;15;192.168.30.15;192.168.30.66;0;;;2
152;NA06000000015;WENDI;NAMAR;;user230@mail.com;111111;15;192.168.30.16;192.168.30.53;0;;;2
153;NA06000000016;NURUL /JANGKRIK MAS;NAMAR;;user231@mail.com;111111;15;192.168.30.18;192.168.30.53;0;;;2
154;NA06000000017;RIRIN PUTRI;NAMAR;;user232@mail.com;111111;15;192.168.30.19;192.168.30.53;0;;;2
155;NA06000000018;ZAM;NAMAR;;user233@mail.com;111111;15;192.168.30.53;192.168.30.59;0;;;2
156;NA06000000019;GIDEON;NAMAR;;user234@mail.com;111111;15;192.168.30.21;192.168.30.53;0;;;2
157;NA06000000020;BAMBANG;NAMAR;;user235@mail.com;111111;15;192.168.30.51;192.168.30.200;0;;;2
158;NA06000000021;ardania devi;NAMAR;;user236@mail.com;111111;15;192.168.30.23;192.168.30.200;0;;;2
160;NA06000000022;INTERIOR SARYADI;NAMAR;;user237@mail.com;111111;15;192.168.30.25;192.168.30.200;0;;;2
161;NA06000000023;INDAH;NAMAR;;user238@mail.com;111111;15;192.168.30.26;192.168.30.25;0;;;2
162;NA06000000024;CILOK GAUL;NAMAR;;user239@mail.com;111111;15;192.168.30.27;192.168.30.28;0;;;2
163;NA06000000025;CILOT AREMA;NAMAR;;user240@mail.com;111111;15;192.168.30.28;192.168.30.200;0;;;2
164;NA06000000026;Y&D warso;NAMAR;;user241@mail.com;111111;15;192.168.30.40;192.168.30.26;0;;;2
169;NA06000000027;ABIMANA;NAMAR;;user242@mail.com;111111;15;192.168.30.55;192.168.30.63;0;;;2
170;NA06000000028;NIKO ANDIKA;NAMAR;;user243@mail.com;111111;15;192.168.30.56;192.168.30.40;0;;;2
171;NA06000000029;ESTA EMI NAMAR;NAMAR;;user244@mail.com;111111;15;192.168.30.57;192.168.30.94;0;;;2
172;NA06000000030;TANIA LINANDA;NAMAR;;user245@mail.com;111111;15;192.168.30.58;192.168.30.57;0;;;2
173;NA06000000031;YULIANTO;NAMAR;;user246@mail.com;111111;15;192.168.30.59;192.168.30.23;0;;;2
175;NA06000000032;WAHYU;NAMAR;;user247@mail.com;111111;15;192.168.30.61;192.168.30.23;0;;;2
176;NA06000000033;BITA AGUS;NAMAR;;user248@mail.com;111111;15;192.168.30.62;192.168.30.27;0;;;2
177;NA06000000034;DIANA;NAMAR;;user249@mail.com;111111;15;192.168.30.63;192.168.30.200;0;;;2
178;NA06000000035;RISKI OKTAAVIA;NAMAR;;user250@mail.com;111111;15;192.168.30.64;192.168.30.11;0;;;2
180;NA06000000036;ARNIS;NAMAR;;user251@mail.com;111111;15;192.168.30.66;192.168.30.200;0;;;2
181;NA06000000037;AZAHRA;NAMAR;;user252@mail.com;111111;15;192.168.30.67;192.168.30.66;0;;;2
182;NA06000000038;PSS JAYA;NAMAR;;user253@mail.com;111111;15;192.168.30.68;192.168.30.66;0;;;2
183;NA06000000039;MUJII;NAMAR;;user254@mail.com;111111;15;192.168.30.69;192.168.30.200;0;;;2
184;NA06000000040;POKARI;NAMAR;;user255@mail.com;111111;15;192.168.30.70;192.168.30.12;0;;;2
188;NA06000000041;IRFAN;NAMAR;;user256@mail.com;111111;15;192.168.30.74;192.168.30.64;0;;;2
189;NA06000000042;PAK SUYUDI;NAMAR;;user257@mail.com;111111;15;192.168.30.75;192.168.30.74;0;;;2
190;NA06000000043;ADRIEL ARIS;NAMAR;;user258@mail.com;111111;15;192.168.31.76;192.168.31.71;0;;;2
191;NA06000000044;HARRY POTER;NAMAR;;user259@mail.com;111111;15;192.168.31.77;192.168.31.42;0;;;2
193;NA06000000045;RIZKI CILOK GAUL;NAMAR;;user260@mail.com;111111;15;192.168.30.81;192.168.30.40;0;;;2
686;NA06000000046;devan andika;NAMAR;;user261@mail.com;111111;15;192.168.30.89;192.168.30.61;0;;;2
687;NA06000000047;pacitanku;NAMAR;;user262@mail.com;111111;15;192.168.30.90;192.168.30.28;0;;;2
688;NA06000000048;GR FAMILY;NAMAR;;user263@mail.com;111111;15;192.168.30.91;192.168.30.55;0;;;2
704;NA06000000049;partinah jr;NAMAR;;user264@mail.com;111111;15;192.168.30.92;192.168.30.53;0;;;2
705;NA06000000050;sembarang;NAMAR;;user265@mail.com;111111;15;192.168.30.93;192.168.30.53;0;;;2
706;NA06000000051;arga;NAMAR;;user266@mail.com;111111;15;192.168.30.94;192.168.30.53;0;;;2
715;NA06000000052;cilok arema 2;NAMAR;;user267@mail.com;111111;15;192.167.31.78;192.167.31.77;0;;;2
726;NA06000000053;SRI;NAMAR;;user268@mail.com;111111;15;192.168.30.85;192.168.30.40;0;;;2
728;NA06000000054;KAVIN;NAMAR;;user269@mail.com;111111;15;192.168.30.110;192.168.30.70;0;;;2
737;NA06000000055;Bella namar;NAMAR;;user270@mail.com;111111;15;192.168.30.98;192.168.30.63;0;;;2
744;NA06000000056;kavin tplink;NAMAR;;user271@mail.com;111111;15;192.168.30.154;192.168.30.66;0;;;2
745;NA06000000057;vnd tenda;NAMAR;;user272@mail.com;111111;15;192.168.30.156;192.168.30.155;0;;;2
746;NA06000000058;mama house;NAMAR;;user273@mail.com;111111;15;192.168.30.158;192.168.30.55;0;;;2
747;NA06000000059;rivawila;NAMAR;;user274@mail.com;111111;15;192.168.30.159;192.168.30.155;0;;;2
545;OZ06000000001;server;OZ;;user275@mail.com;111111;15;192.168.201.200;192.168.201.200;1;;;13
546;OZ06000000002;keplik;OZ;;user276@mail.com;111111;15;192.168.201.2;192.168.201.5;1;;;13
547;OZ06000000003;adis;OZ;;user277@mail.com;111111;15;192.168.201.3;192.168.201.5;1;;;13
548;OZ06000000004;majas;OZ;;user278@mail.com;111111;15;192.168.201.4;192.168.201.12;1;;;13
549;OZ06000000005;mila;OZ;;user279@mail.com;111111;15;192.168.201.5;192.168.201.200;1;;;13
550;OZ06000000006;wawan;OZ;;user280@mail.com;111111;15;192.168.201.6;192.168.201.15;1;;;13
551;OZ06000000007;tiow bambang;OZ;;user281@mail.com;111111;15;192.168.201.7;192.168.201.9;1;;;13
552;OZ06000000008;azka;OZ;;user282@mail.com;111111;15;192.168.201.8;192.168.201.11;1;;;13
553;OZ06000000009;wisnu;OZ;;user283@mail.com;111111;15;192.168.201.9;192.168.201.12;1;;;13
554;OZ06000000010;danik;OZ;;user284@mail.com;111111;15;192.168.201.10;192.168.201.6;1;;;13
555;OZ06000000011;momon;OZ;;user285@mail.com;111111;15;192.168.201.11;192.168.201.12;1;;;13
556;OZ06000000012;k3;OZ;;user286@mail.com;111111;15;192.168.201.12;192.168.201.200;1;;;13
558;OZ06000000013;zulva;OZ;;user287@mail.com;111111;15;192.168.201.14;192.168.201.11;1;;;13
559;OZ06000000014;andini;OZ;;user288@mail.com;111111;15;192.168.201.15;192.168.201.7;1;;;13
560;OZ06000000015;bima;OZ;;user289@mail.com;111111;15;192.168.201.16;192.168.201.4;1;;;13
561;OZ06000000016;muntakib;OZ;;user290@mail.com;111111;15;192.168.201.17;192.168.201.10;1;;;13
562;OZ06000000017;sulis/arka;OZ;;user291@mail.com;111111;15;192.168.202.2;192.168.202.9;1;;;13
563;OZ06000000018;sakti;OZ;;user292@mail.com;111111;15;192.168.202.3;192.168.202.4;1;;;13
564;OZ06000000019;heru;OZ;;user293@mail.com;111111;15;192.168.202.4;192.168.202.7;1;;;13
565;OZ06000000020;joko supriyanto;OZ;;user294@mail.com;111111;15;192.168.202.5;192.168.202.24;1;;;13
566;OZ06000000021;satria;OZ;;user295@mail.com;111111;15;192.168.202.6;192.168.202.9;1;;;13
567;OZ06000000022;zeni;OZ;;user296@mail.com;111111;15;192.168.202.7;192.168.201.200;1;;;13
568;OZ06000000023;juni;OZ;;user297@mail.com;111111;15;192.168.202.8;192.168.202.10;1;;;13
569;OZ06000000024;anjas;OZ;;user298@mail.com;111111;15;192.168.202.9;192.168.202.7;1;;;13
570;OZ06000000025;luki;OZ;;user299@mail.com;111111;15;192.168.202.10;192.168.202.7;1;;;13
571;OZ06000000026;najib;OZ;;user300@mail.com;111111;15;192.168.202.11;192.168.202.9;1;;;13
572;OZ06000000027;nasa;OZ;;user301@mail.com;111111;15;192.168.202.12;192.168.202.7;1;;;13
573;OZ06000000028;ali;OZ;;user302@mail.com;111111;15;192.168.202.13;192.168.202.7;1;;;13
574;OZ06000000029;bahroni;OZ;;user303@mail.com;111111;15;192.168.202.14;192.168.202.16;1;;;13
575;OZ06000000030;puji;OZ;;user304@mail.com;111111;15;192.168.202.15;192.168.202.12;1;;;13
576;OZ06000000031;afandi;OZ;;user305@mail.com;111111;15;192.168.202.16;192.168.202.15;1;;;13
577;OZ06000000032;nasriel/budi;OZ;;user306@mail.com;111111;15;192.168.202.17;192.168.202.2;1;;;13
578;OZ06000000033;najwa lilik;OZ;;user307@mail.com;111111;15;192.168.202.18;192.168.202.6;1;;;13
579;OZ06000000034;joe joko;OZ;;user308@mail.com;111111;15;192.168.202.19;192.168.202.9;1;;;13
580;OZ06000000035;doyok;OZ;;user309@mail.com;111111;15;192.168.202.20;192.168.202.8;1;;;13
581;OZ06000000036;gardu;OZ;;user310@mail.com;111111;15;192.168.202.21;192.168.202.17;1;;;13
582;OZ06000000037;sari / gimah;OZ;;user311@mail.com;111111;15;192.168.202.22;192.168.202.4;1;;;13
583;OZ06000000038;niko / ns tekno;OZ;;user312@mail.com;111111;15;192.168.202.23;192.168.202.20;1;;;13
584;OZ06000000039;adam;OZ;;user313@mail.com;111111;15;192.168.202.24;192.168.202.3;1;;;13
585;OZ06000000040;unik;OZ;;user314@mail.com;111111;15;192.168.202.25;192.168.202.4;1;;;13
586;OZ06000000041;redy;OZ;;user315@mail.com;111111;15;192.168.202.26;192.168.202.7;1;;;13
587;OZ06000000042;david;OZ;;user316@mail.com;111111;15;192.168.202.27;192.168.202.14;1;;;13
588;OZ06000000043;SURYA;OZ;;user317@mail.com;111111;15;192.168.203.2;192.168.203.12;1;;;13
589;OZ06000000044;panji;OZ;;user318@mail.com;111111;15;192.168.203.3;192.168.203.12;1;;;13
590;OZ06000000045;huda;OZ;;user319@mail.com;111111;15;192.168.203.4;192.168.203.11;1;;;13
591;OZ06000000046;fahri;OZ;;user320@mail.com;111111;15;192.168.203.5;192.168.201.200;1;;;13
592;OZ06000000047;iqbal;OZ;;user321@mail.com;111111;15;192.168.203.6;192.168.203.5;1;;;13
593;OZ06000000048;rizka;OZ;;user322@mail.com;111111;15;192.168.203.7;192.168.203.14;1;;;13
594;OZ06000000049;adib;OZ;;user323@mail.com;111111;15;192.168.203.8;192.168.203.22;1;;;13
595;OZ06000000050;sulis;OZ;;user324@mail.com;111111;15;192.168.203.9;192.168.203.2;1;;;13
596;OZ06000000051;wahyono;OZ;;user325@mail.com;111111;15;192.168.203.10;192.168.203.9;1;;;13
597;OZ06000000052;avin;OZ;;user326@mail.com;111111;15;192.168.203.11;192.168.203.5;1;;;13
598;OZ06000000053;AAN;OZ;;user327@mail.com;111111;15;192.168.203.12;192.168.203.11;1;;;13
599;OZ06000000054;wisnu pdisa;OZ;;user328@mail.com;111111;15;192.168.203.13;192.168.203.5;1;;;13
600;OZ06000000055;bakul baut;OZ;;user329@mail.com;111111;15;192.168.203.14;192.168.203.5;1;;;13
601;OZ06000000056;rudi;OZ;;user330@mail.com;111111;15;192.168.203.15;192.168.203.5;1;;;13
603;OZ06000000057;avin2;OZ;;user331@mail.com;111111;15;192.168.203.17;192.168.203.11;1;;;13
604;OZ06000000058;teguh;OZ;;user332@mail.com;111111;15;192.168.203.18;192.168.203.10;1;;;13
605;OZ06000000059;an putra;OZ;;user333@mail.com;111111;15;192.168.203.19;192.168.203.9;1;;;13
606;OZ06000000060;aira;OZ;;user334@mail.com;111111;15;192.168.203.20;192.168.203.15;1;;;13
607;OZ06000000061;daniel;OZ;;user335@mail.com;111111;15;192.168.203.21;192.168.203.8;1;;;13
608;OZ06000000062;febi;OZ;;user336@mail.com;111111;15;192.168.203.22;192.168.203.14;1;;;13
609;OZ06000000063;sahrul/nia;OZ;;user337@mail.com;111111;15;192.168.204.2;192.168.201.200;1;;;13
610;OZ06000000064;nurul;OZ;;user338@mail.com;111111;15;192.168.204.3;192.168.201.200;1;;;13
611;OZ06000000065;bowo;OZ;;user339@mail.com;111111;15;192.168.204.4;192.168.204.5;1;;;13
612;OZ06000000066;yayun;OZ;;user340@mail.com;111111;15;192.168.204.5;192.168.201.200;1;;;13
613;OZ06000000067;misbah;OZ;;user341@mail.com;111111;15;192.168.204.6;192.168.204.3;1;;;13
614;OZ06000000068;nafa1;OZ;;user342@mail.com;111111;15;192.168.204.7;192.168.204.8;1;;;13
615;OZ06000000069;endang;OZ;;user343@mail.com;111111;15;192.168.204.8;192.168.204.6;1;;;13
616;OZ06000000070;rozi;OZ;;user344@mail.com;111111;15;192.168.204.9;192.168.201.200;1;;;13
617;OZ06000000071;wahid;OZ;;user345@mail.com;111111;15;192.168.204.10;192.168.204.18;1;;;13
618;OZ06000000072;sri yoga;OZ;;user346@mail.com;111111;15;192.168.204.11;192.168.204.3;1;;;13
619;OZ06000000073;nur/haikal;OZ;;user347@mail.com;111111;15;192.168.204.12;192.168.204.6;1;;;13
620;OZ06000000074;yadi;OZ;;user348@mail.com;111111;15;192.168.204.13;192.168.204.5;1;;;13
621;OZ06000000075;umar/karisma;OZ;;user349@mail.com;111111;15;192.168.204.14;192.168.204.10;1;;;13
622;OZ06000000076;nafa2;OZ;;user350@mail.com;111111;15;192.168.204.15;192.168.204.7;1;;;13
623;OZ06000000077;nia 2;OZ;;user351@mail.com;111111;15;192.168.204.164;192.168.204.2;1;;;13
624;OZ06000000078;rekafi;OZ;;user352@mail.com;111111;15;192.168.204.17;192.168.204.4;1;;;13
625;OZ06000000079;buning;OZ;;user353@mail.com;111111;15;192.168.204.16;192.168.204.8;1;;;13
626;OZ06000000080;ali;OZ;;user354@mail.com;111111;15;192.168.204.67;192.168.201.200;1;;;13
627;OZ06000000081;nanik /erlin;OZ;;user355@mail.com;111111;15;192.168.204.18;192.168.201.200;1;;;13
628;OZ06000000082;Nurul ali;OZ;;user356@mail.com;111111;15;192.168.204.19;192.168.204.67;1;;;13
629;OZ06000000083;mamuk;OZ;;user357@mail.com;111111;15;192.168.204.20;192.168.201.200;1;;;13
630;OZ06000000084;latifah;OZ;;user358@mail.com;111111;15;192.168.205.2;192.168.205.29;1;;;13
631;OZ06000000085;lutfa;OZ;;user359@mail.com;111111;15;192.168.205.3;192.168.205.36;1;;;13
632;OZ06000000086;pangat / fauzi;OZ;;user360@mail.com;111111;15;192.168.205.4;192.168.205.7;1;;;13
633;OZ06000000087;lutfi;OZ;;user361@mail.com;111111;15;192.168.205.5;192.168.205.27;1;;;13
634;OZ06000000088;regan;OZ;;user362@mail.com;111111;15;192.168.205.6;192.168.205.37;1;;;13
635;OZ06000000089;wildan;OZ;;user363@mail.com;111111;15;192.168.205.7;192.168.205.23;1;;;13
636;OZ06000000090;wahyu;OZ;;user364@mail.com;111111;15;192.168.205.8;192.168.205.6;1;;;13
637;OZ06000000091;puguh;OZ;;user365@mail.com;111111;15;192.168.205.9;192.168.205.21;1;;;13
638;OZ06000000092;diki;OZ;;user366@mail.com;111111;15;192.168.205.10;192.168.205.26;1;;;13
639;OZ06000000093;danianta / dian;OZ;;user367@mail.com;111111;15;192.168.205.11;192.168.205.12;1;;;13
640;OZ06000000094;rizal;OZ;;user368@mail.com;111111;15;192.168.205.12;192.168.205.35;1;;;13
641;OZ06000000095;opik;OZ;;user369@mail.com;111111;15;192.168.205.14;192.168.205.37;1;;;13
642;OZ06000000096;ghanikun;OZ;;user370@mail.com;111111;15;192.168.205.15;192.168.205.32;1;;;13
643;OZ06000000097;rumahah/apip;OZ;;user371@mail.com;111111;15;192.168.205.16;192.168.205.23;1;;;13
644;OZ06000000098;isti;OZ;;user372@mail.com;111111;15;192.168.205.17;192.168.205.23;1;;;13
645;OZ06000000099;tukijo/lilis;OZ;;user373@mail.com;111111;15;192.168.205.18;192.168.205.9;1;;;13
646;OZ06000000100;natan;OZ;;user374@mail.com;111111;15;192.168.205.19;192.168.205.20;1;;;13
647;OZ06000000101;vat;OZ;;user375@mail.com;111111;15;192.168.205.20;192.168.205.6;1;;;13
648;OZ06000000102;fina;OZ;;user376@mail.com;111111;15;192.168.205.21;192.168.205.2;1;;;13
649;OZ06000000103;maman rw;OZ;;user377@mail.com;111111;15;192.168.205.22;192.168.205.2;1;;;13
650;OZ06000000104;zainal;OZ;;user378@mail.com;111111;15;192.168.205.23;192.168.205.37;1;;;13
651;OZ06000000105;sarif;OZ;;user379@mail.com;111111;15;192.168.205.24;192.168.205.23;1;;;13
652;OZ06000000106;BU ARIS;OZ;;user380@mail.com;111111;15;192.168.205.25;192.168.205.37;1;;;13
653;OZ06000000107;anjar;OZ;;user381@mail.com;111111;15;192.168.205.26;192.168.205.27;1;;;13
654;OZ06000000108;siswanto;OZ;;user382@mail.com;111111;15;192.168.205.27;192.168.205.4;1;;;13
655;OZ06000000109;ardi;OZ;;user383@mail.com;111111;15;192.168.205.28;192.168.205.8;1;;;13
656;OZ06000000110;faris;OZ;;user384@mail.com;111111;15;192.168.205.29;192.168.205.24;1;;;13
657;OZ06000000111;anisa/amin;OZ;;user385@mail.com;111111;15;192.168.205.52;192.168.205.3;1;;;13
658;OZ06000000112;fauzan 1;OZ;;user386@mail.com;111111;15;192.168.205.31;192.168.205.32;1;;;13
659;OZ06000000113;luna farel;OZ;;user387@mail.com;111111;15;192.168.205.32;192.168.205.4;1;;;13
660;OZ06000000114;umam;OZ;;user388@mail.com;111111;15;192.168.205.33;192.168.205.23;1;;;13
661;OZ06000000115;nugroho;OZ;;user389@mail.com;111111;15;192.168.205.34;192.168.205.7;1;;;13
662;OZ06000000116;dimas;OZ;;user390@mail.com;111111;15;192.168.205.35;192.168.205.37;1;;;13
663;OZ06000000117;togel;OZ;;user391@mail.com;111111;15;192.168.205.36;192.168.205.4;1;;;13
664;OZ06000000118;puji;OZ;;user392@mail.com;111111;15;192.168.205.37;192.168.201.200;1;;;13
665;OZ06000000119;asrofi_faris;OZ;;user393@mail.com;111111;15;192.168.205.38;192.168.205.29;1;;;13
666;OZ06000000120;reza;OZ;;user394@mail.com;111111;15;192.168.205.39;192.168.205.14;1;;;13
667;OZ06000000121;amin/asrofi;OZ;;user395@mail.com;111111;15;192.168.205.40;192.168.205.4;1;;;13
668;OZ06000000122;sinta/mbahswar;OZ;;user396@mail.com;111111;15;192.168.205.41;192.168.205.24;1;;;13
703;OZ06000000123;Gery;OZ;;user397@mail.com;111111;15;192.168.204.101;192.168.204.8;1;;;13
712;OZ06000000124;rido;OZ;;user398@mail.com;111111;15;192.168.204.161;192.168.204.17;1;;;13
713;OZ06000000125;yanto;OZ;;user399@mail.com;111111;15;192.168.204.162;192.168.204.5;1;;;13
725;OZ06000000126;Lutfi colection;OZ;;user400@mail.com;111111;15;192.168.203.60;192.168.203.6;1;;;13
731;OZ06000000127;kang sar;OZ;;user401@mail.com;111111;15;192.168.202.56;192.168.202.11;1;;;13
735;OZ06000000128;wahyu saputra;OZ;;user402@mail.com;111111;15;192.168.203.61;192.168.201.200;1;;;13
736;OZ06000000129;Agustina huawei;OZ;;user403@mail.com;111111;15;192.168.204.29;192.168.204.2;1;;;13
738;OZ06000000130;CINDY WAWAN;OZ;;user404@mail.com;111111;15;192.168.205.56;192.168.205.5;1;;;13
739;OZ06000000131;azkiya wawan;OZ;;user405@mail.com;111111;15;192.168.205.57;192.168.205.11;1;;;13
740;OZ06000000132;pak kadus;OZ;;user406@mail.com;111111;15;192.168.205.50;192.168.205.9;1;;;13
741;OZ06000000133;maratu lia;OZ;;user407@mail.com;111111;15;192.168.205.51;192.168.205.6;1;;;13
750;OZ06000000134;siregar atas gimah;OZ;;user408@mail.com;111111;15;192.168.22.109;192.168.202.8;1;;;13
775;OZ06000000135;kayla;OZ;;user409@mail.com;111111;15;192.168.204.120;192.168.204.5;1;;;13
776;OZ06000000136;birin;OZ;;user410@mail.com;111111;15;192.168.201.27;192.168.201.4;1;;;13
522;PA06000000001;SERVER PABELAN;PABELAN;;user411@mail.com;111111;15;192.168.83.1;192.168.83.1;1;;;12
523;PA06000000002;WAWAN FARHAN;PABELAN;;user412@mail.com;111111;15;192.168.22.2;192.168.83.1;1;;;12
524;PA06000000003;NANDA;PABELAN;;user413@mail.com;111111;15;192.168.22.3;192.168.22.2;1;;;12
525;PA06000000004;ELZIO;PABELAN;;user414@mail.com;111111;15;192.168.22.5;192.168.22.2;1;;;12
526;PA06000000005;KINAN;PABELAN;;user415@mail.com;111111;15;192.168.22.37;192.168.22.5;1;;;12
527;PA06000000006;TOHIR;PABELAN;;user416@mail.com;111111;15;192.168.17.2;192.168.83.1;1;;;12
528;PA06000000007;LAUNDRY;PABELAN;;user417@mail.com;111111;15;192.168.17.3;192.168.17.2;1;;;12
529;PA06000000008;DANU;PABELAN;;user418@mail.com;111111;15;192.168.17.4;192.168.17.3;1;;;12
530;PA06000000009;RW;PABELAN;;user419@mail.com;111111;15;192.168.22.4;192.168.83.1;1;;;12
531;PA06000000010;yumu store;PABELAN;;user420@mail.com;111111;15;192.168.17.7;192.168.83.1;1;;;12
532;PA06000000011;BOSS PAKAIAN;PABELAN;;user421@mail.com;111111;15;192.168.19.2;192.168.83.1;1;;;12
540;PA06000000012;nurhidayati;PABELAN;;user422@mail.com;111111;15;192.168.17.9;192.168.17.2;1;;;12
541;PA06000000013;belakang kinan;PABELAN;;user423@mail.com;111111;15;192.168.17.9;192.168.17.6;1;;;12
544;PA06000000014;HIDAYAH;PABELAN;;user424@mail.com;111111;15;192.168.22.9;192.168.22.6;1;;;12
680;PA06000000015;masjid / cahaya;PABELAN;;user425@mail.com;111111;15;192.168.22.10;192.168.83.1;1;;;12
681;PA06000000016;ARSYA;PABELAN;;user426@mail.com;111111;15;192.168.17.15;192.168.83.1;1;;;12
682;PA06000000017;Hartini;PABELAN;;user427@mail.com;111111;15;192.168.22.13;192.168.83.1;1;;;12
683;PA06000000018;Mahfud;PABELAN;;user428@mail.com;111111;15;192.168.22.23;192.168.22.4;1;;;12
723;PA06000000019;dika;PABELAN;;user429@mail.com;111111;15;192.168.17.59;192.168.17.3;1;;;12
729;PA06000000020;Sri lestari;PABELAN;;user430@mail.com;111111;15;192.168.17.60;192.168.17.2;1;;;12
742;PA06000000021;Huda aisy;PABELAN;;user431@mail.com;111111;15;192.168.22.83;192.168.22.2;1;;;12
757;PA06000000022;PINGGIR WAWAN;PABELAN;;user432@mail.com;111111;15;192.168.22.92;192.168.22.3;1;;;12
773;PA06000000023;salsa;PABELAN;;user433@mail.com;111111;15;192.168.22.94;192.168.22.10;1;;;12
331;SI06000000001;server sinin;SININ;;user434@mail.com;111111;18;192.168.50.1;192.168.50.1;0;;;7
332;SI06000000002;sumaynada / siinin;SININ;;user435@mail.com;111111;18;192.168.37.2;192.168.50.1;0;;;7
333;SI06000000003;semut ireng;SININ;;user436@mail.com;111111;18;192.168.37.3;192.168.50.1;0;;;7
334;SI06000000004;alfaro 20.24;SININ;;user437@mail.com;111111;18;192.168.37.4;192.168.50.1;0;;;7
335;SI06000000005;syukur 20.25;SININ;;user438@mail.com;111111;18;192.168.37.5;192.168.50.1;0;;;7
336;SI06000000006;pj kumar;SININ;;user439@mail.com;111111;18;192.168.37.6;192.168.50.1;0;;;7
337;SI06000000007;harjoko ii;SININ;;user440@mail.com;111111;18;192.168.37.7;192.168.50.1;0;;;7
338;SI06000000008;anzol;SININ;;user441@mail.com;111111;18;192.168.37.8;192.168.50.1;0;;;7
339;SI06000000009;meresahkan;SININ;;user442@mail.com;111111;18;192.168.37.9;192.168.50.1;0;;;7
340;SI06000000010;rumah wifi @id;SININ;;user443@mail.com;111111;18;192.168.37.10;192.168.50.1;0;;;7
341;SI06000000011;kaesang;SININ;;user444@mail.com;111111;18;192.168.37.11;192.168.50.1;0;;;7
342;SI06000000012;yoko;SININ;;user445@mail.com;111111;18;192.168.37.12;192.168.50.1;0;;;7
343;SI06000000013;free wifi;SININ;;user446@mail.com;111111;18;192.168.37.13;192.168.50.1;0;;;7
344;SI06000000014;priyanto;SININ;;user447@mail.com;111111;18;192.168.37.14;192.168.50.1;0;;;7
345;SI06000000015;imam nur;SININ;;user448@mail.com;111111;18;192.168.37.15;192.168.50.1;0;;;7
346;SI06000000016;maul;SININ;;user449@mail.com;111111;18;192.168.37.16;192.168.50.1;0;;;7
347;SI06000000017;tplink/pak_lis;SININ;;user450@mail.com;111111;18;192.168.20.2;192.168.50.1;0;;;7
348;SI06000000018;wawan;SININ;;user451@mail.com;111111;18;192.168.20.3;192.168.50.1;0;;;7
349;SI06000000019;alfa rizki;SININ;;user452@mail.com;111111;18;192.168.20.4;192.168.50.1;0;;;7
350;SI06000000020;zidan;SININ;;user453@mail.com;111111;18;192.168.20.5;192.168.50.1;0;;;7
351;SI06000000021;ceyra;SININ;;user454@mail.com;111111;18;192.168.20.6;192.168.50.1;0;;;7
352;SI06000000022;wifikku;SININ;;user455@mail.com;111111;18;192.168.20.7;192.168.50.1;0;;;7
353;SI06000000023;krupuk maseh;SININ;;user456@mail.com;111111;18;192.168.20.8;192.168.50.1;0;;;7
354;SI06000000024;ivansa;SININ;;user457@mail.com;111111;18;192.168.20.9;192.168.50.1;0;;;7
355;SI06000000025;oksa;SININ;;user458@mail.com;111111;18;192.168.20.10;192.168.50.1;0;;;7
356;SI06000000026;nokia;SININ;;user459@mail.com;111111;18;192.168.20.11;192.168.50.1;0;;;7
357;SI06000000027;ziven;SININ;;user460@mail.com;111111;18;192.168.20.12;192.168.50.1;0;;;7
358;SI06000000028;askey;SININ;;user461@mail.com;111111;18;192.168.20.13;192.168.50.1;0;;;7
359;SI06000000029;haidar;SININ;;user462@mail.com;111111;18;192.168.20.14;192.168.50.1;0;;;7
360;SI06000000030;selo pundutan / wanto;SININ;;user463@mail.com;111111;18;192.168.20.15;192.168.50.1;0;;;7
361;SI06000000031;EKO;SININ;;user464@mail.com;111111;18;192.168.20.16;192.168.50.1;0;;;7
362;SI06000000032;ALISA;SININ;;user465@mail.com;111111;18;192.168.20.17;192.168.50.1;0;;;7
363;SI06000000033;KARINSA;SININ;;user466@mail.com;111111;18;192.168.20.18;192.168.50.1;0;;;7
364;SI06000000034;tristan nokia;SININ;;user467@mail.com;111111;18;192.168.20.19;192.168.50.1;0;;;7
365;SI06000000035;JOYO MESIN;SININ;;user468@mail.com;111111;18;192.168.20.20;192.168.50.1;0;;;7
366;SI06000000036;tata adsl;SININ;;user469@mail.com;111111;18;192.168.20.21;192.168.50.1;0;;;7
367;SI06000000037;eternal;SININ;;user470@mail.com;111111;18;192.168.20.22;192.168.50.1;0;;;7
110;TL06000000001;Server Tlogo;TLOGO;;user471@mail.com;111111;15;192.168.63.200;192.168.63.200;1;;;5
111;TL06000000002;Risfa;TLOGO;;user472@mail.com;111111;15;192.168.63.2;192.168.63.200;1;;;5
112;TL06000000003;daroji;TLOGO;;user473@mail.com;111111;15;192.168.63.3;192.168.63.200;1;;;5
113;TL06000000004;parman;TLOGO;;user474@mail.com;111111;15;192.168.63.9;192.168.63.200;1;;;5
115;TL06000000005;tasman;TLOGO;;user475@mail.com;111111;15;192.168.63.5;192.168.63.3;1;;;5
116;TL06000000006;budi;TLOGO;;user476@mail.com;111111;15;192.168.63.42;192.168.63.200;1;;;5
117;TL06000000007;supriyadi;TLOGO;;user477@mail.com;111111;15;192.168.63.6;192.168.63.42;1;;;5
118;TL06000000008;surip;TLOGO;;user478@mail.com;111111;15;192.168.63.8;192.168.63.6;1;;;5
119;TL06000000009;sugimin;TLOGO;;user479@mail.com;111111;15;192.168.63.15;192.168.63.8;1;;;5
120;TL06000000010;seh gimin;TLOGO;;user480@mail.com;111111;15;192.168.63.16;192.168.63.15;1;;;5
121;TL06000000011;kosmiyanto;TLOGO;;user481@mail.com;111111;15;192.168.63.11;192.168.63.5;1;;;5
122;TL06000000012;trimanto;TLOGO;;user482@mail.com;111111;15;192.168.63.14;192.168.63.42;1;;;5
123;TL06000000013;wahyono;TLOGO;;user483@mail.com;111111;15;192.168.63.10;192.168.63.9;1;;;5
124;TL06000000014;agus;TLOGO;;user484@mail.com;111111;15;192.168.63.41;192.168.63.10;1;;;5
125;TL06000000015;john;TLOGO;;user485@mail.com;111111;15;192.168.63.12;192.168.63.41;1;;;5
126;TL06000000016;yono;TLOGO;;user486@mail.com;111111;15;192.168.63.13;192.168.63.12;1;;;5
127;TL06000000017;windri;TLOGO;;user487@mail.com;111111;15;192.168.63.17;192.168.63.10;1;;;5
128;TL06000000018;marni;TLOGO;;user488@mail.com;111111;15;192.168.63.26;192.168.63.10;1;;;5
129;TL06000000019;wati;TLOGO;;user489@mail.com;111111;15;192.168.63.78;192.168.63.15;1;;;5
130;TL06000000020;triyono;TLOGO;;user490@mail.com;111111;15;192.168.63.4;192.168.63.3;1;;;5
543;TL06000000021;SINTA;TLOGO;;user491@mail.com;111111;15;192.168.63.31;192.168.63.9;1;;;5
685;TL06000000022;Heriyanto;TLOGO;;user492@mail.com;111111;15;192.168.63.28;192.168.63.31;1;;;5
724;TL06000000023;Eni fauzan;TLOGO;;user493@mail.com;111111;15;192.168.63.45;192.168.63.200;1;;;5
772;TL06000000024;keluarga tubi;TLOGO;;user494@mail.com;111111;15;192.168.63.90;192.168.63.9;1;;;5
